{
    "time_compute_compatible": 0.010456085205078125,
    "time_to_compute_indexed": 0.012036800384521484,
    "time_building_cg": 0.01975393295288086
}